user_id,total_transactions,total_amount,avg_amount,fraud_count
U1,89,1397637.2,15703.788764044943,59
U2,93,1393232.81,14980.997956989248,50
U3,77,1066370.07,13848.961948051949,36
U4,69,864559.05,12529.841304347827,26
U5,80,1284631.25,16057.890625,48
U6,71,979156.8,13790.940845070423,37
U7,88,1215532.94,13812.874318181817,49
U8,101,1522640.93,15075.652772277226,65
